Date,SeasonType,Season,Week,Stadium,PlayingSurface,Temperature,Humidity,WindSpeed,AwayTeam,HomeTeam,AwayScore,HomeScore,TotalScore,OverUnder,PointSpread,AwayScoreQuarter1,AwayScoreQuarter2,AwayScoreQuarter3,AwayScoreQuarter4,AwayScoreOvertime,HomeScoreQuarter1,HomeScoreQuarter2,HomeScoreQuarter3,HomeScoreQuarter4,HomeScoreOvertime,AwayTimeOfPossession,HomeTimeOfPossession,AwayFirstDowns,HomeFirstDowns,AwayFirstDownsByRushing,HomeFirstDownsByRushing,AwayFirstDownsByPassing,HomeFirstDownsByPassing,AwayFirstDownsByPenalty,HomeFirstDownsByPenalty,AwayOffensivePlays,HomeOffensivePlays,AwayOffensiveYards,HomeOffensiveYards,AwayOffensiveYardsPerPlay,HomeOffensiveYardsPerPlay,AwayTouchdowns,HomeTouchdowns,AwayRushingAttempts,HomeRushingAttempts,AwayRushingYards,HomeRushingYards,AwayRushingYardsPerAttempt,HomeRushingYardsPerAttempt,AwayRushingTouchdowns,HomeRushingTouchdowns,AwayPassingAttempts,HomePassingAttempts,AwayPassingCompletions,HomePassingCompletions,AwayPassingYards,HomePassingYards,AwayPassingTouchdowns,HomePassingTouchdowns,AwayPassingInterceptions,HomePassingInterceptions,AwayPassingYardsPerAttempt,HomePassingYardsPerAttempt,AwayPassingYardsPerCompletion,HomePassingYardsPerCompletion,AwayCompletionPercentage,HomeCompletionPercentage,AwayPasserRating,HomePasserRating,AwayThirdDownAttempts,HomeThirdDownAttempts,AwayThirdDownConversions,HomeThirdDownConversions,AwayThirdDownPercentage,HomeThirdDownPercentage,AwayFourthDownAttempts,HomeFourthDownAttempts,AwayFourthDownConversions,HomeFourthDownConversions,AwayFourthDownPercentage,HomeFourthDownPercentage,AwayRedZoneAttempts,HomeRedZoneAttempts,AwayRedZoneConversions,HomeRedZoneConversions,AwayGoalToGoAttempts,HomeGoalToGoAttempts,AwayGoalToGoConversions,HomeGoalToGoConversions,AwayReturnYards,HomeReturnYards,AwayPenalties,HomePenalties,AwayPenaltyYards,HomePenaltyYards,AwayFumbles,HomeFumbles,AwayFumblesLost,HomeFumblesLost,AwayTimesSacked,HomeTimesSacked,AwayTimesSackedYards,HomeTimesSackedYards,AwaySafeties,HomeSafeties,AwayPunts,HomePunts,AwayPuntYards,HomePuntYards,AwayPuntAverage,HomePuntAverage,AwayGiveaways,HomeGiveaways,AwayTakeaways,HomeTakeaways,AwayTurnoverDifferential,HomeTurnoverDifferential,AwayKickoffs,HomeKickoffs,AwayKickoffsInEndZone,HomeKickoffsInEndZone,AwayKickoffTouchbacks,HomeKickoffTouchbacks,AwayPuntsHadBlocked,HomePuntsHadBlocked,AwayPuntNetAverage,HomePuntNetAverage,AwayExtraPointKickingAttempts,HomeExtraPointKickingAttempts,AwayExtraPointKickingConversions,HomeExtraPointKickingConversions,AwayExtraPointsHadBlocked,HomeExtraPointsHadBlocked,AwayExtraPointPassingAttempts,HomeExtraPointPassingAttempts,AwayExtraPointPassingConversions,HomeExtraPointPassingConversions,AwayExtraPointRushingAttempts,HomeExtraPointRushingAttempts,AwayExtraPointRushingConversions,HomeExtraPointRushingConversions,AwayFieldGoalAttempts,HomeFieldGoalAttempts,AwayFieldGoalsMade,HomeFieldGoalsMade,AwayFieldGoalsHadBlocked,HomeFieldGoalsHadBlocked,AwayPuntReturns,HomePuntReturns,AwayPuntReturnYards,HomePuntReturnYards,AwayKickReturns,HomeKickReturns,AwayKickReturnYards,HomeKickReturnYards,AwayInterceptionReturns,HomeInterceptionReturns,AwayInterceptionReturnYards,HomeInterceptionReturnYards,AwaySoloTackles,AwayAssistedTackles,AwayQuarterbackHits,AwayTacklesForLoss,AwaySacks,AwaySackYards,AwayPassesDefended,AwayFumblesForced,AwayFumblesRecovered,AwayFumbleReturnYards,AwayFumbleReturnTouchdowns,AwayInterceptionReturnTouchdowns,AwayBlockedKicks,AwayPuntReturnTouchdowns,AwayPuntReturnLong,AwayKickReturnTouchdowns,AwayKickReturnLong,AwayBlockedKickReturnYards,AwayBlockedKickReturnTouchdowns,AwayFieldGoalReturnYards,AwayFieldGoalReturnTouchdowns,AwayPuntNetYards,HomeSoloTackles,HomeAssistedTackles,HomeQuarterbackHits,HomeTacklesForLoss,HomeSacks,HomeSackYards,HomePassesDefended,HomeFumblesForced,HomeFumblesRecovered,HomeFumbleReturnYards,HomeFumbleReturnTouchdowns,HomeInterceptionReturnTouchdowns,HomeBlockedKicks,HomePuntReturnTouchdowns,HomePuntReturnLong,HomeKickReturnTouchdowns,HomeKickReturnLong,HomeBlockedKickReturnYards,HomeBlockedKickReturnTouchdowns,HomeFieldGoalReturnYards,HomeFieldGoalReturnTouchdowns,HomePuntNetYards,GameID,StadiumID,AwayTwoPointConversionReturns,HomeTwoPointConversionReturns
9/8/2016 8:30:00 PM,1,2016,1,Sports Authority Field at Mile High,Grass,85,12,10,CAR,DEN,20,21,41,40.5,3.0,7,10,0,3,0,0,7,0,14,0,32:19,27:41,21,21,8,9,12,11,1,1,68,57,333,307,4.9,5.4,2,3,32,29,157,148,4.9,5.1,1,2,33,26,18,18,176,159,1,1,1,2,5.3,6.1,9.8,8.8,54.5,69.2,67.23,66.03,15,10,9,5,60.0,50.0,0,1,0,1,0,100,3,2,2,1,1,1,1,1,17,26,8,4,85,22,0,1,0,1,3,2,18,19,0,0,4,3,252,140,63,46.7,1,3,3,1,2,-2,5,4,5,3,5,3,0,0,46.5,42.7,2,3,2,3,0,0,0,0,0,0,0,0,0,0,3,0,2,0,0,0,2,2,12,26,1,4,9,0,2,1,5,0,41,2,3,5,2,19,6,1,1,0,0,0,0,0,8,0,9,0,0,0,0,186,45,4,8,2,3,18,6,0,0,0,0,0,0,0,15,0,0,0,0,0,0,128,65853,13,0,0
9/11/2016 1:00:00 PM,1,2016,1,EverBank Field,Artificial,90,55,3,GB,JAX,27,23,50,47.0,3.5,7,14,3,3,0,7,10,3,3,0,28:37,31:23,18,20,6,4,10,14,2,2,60,68,294,348,4.9,5.1,3,2,25,26,95,48,3.8,1.8,1,1,34,39,20,24,199,300,2,1,0,1,5.9,7.7,10.0,12.5,58.8,61.5,95.10,83.28,14,15,7,4,50.0,26.7,1,4,1,3,100,75.0,4,3,2,1,2,0,0,0,9,14,5,9,24,79,1,1,0,0,1,3,0,20,0,0,4,2,184,125,46,62.5,0,1,1,0,1,-1,6,6,6,5,4,5,0,0,42.5,62.5,3,2,3,2,0,0,0,0,0,0,0,0,0,0,2,3,2,3,0,0,0,1,0,14,1,2,14,51,1,0,9,0,49,4,4,10,3,20,7,1,0,0,0,0,0,0,0,0,14,0,0,0,0,170,37,8,3,3,1,0,1,1,0,0,0,0,0,0,14,0,32,0,0,0,0,125,65854,10,0,0
9/11/2016 1:00:00 PM,1,2016,1,M&T Bank Stadium,Artificial,84,44,8,BUF,BAL,7,13,20,44.5,-3.0,0,7,0,0,0,3,7,0,3,0,27:7,32:53,11,18,5,4,5,11,1,3,48,65,160,308,3.3,4.7,1,1,24,28,65,83,2.7,3.0,1,0,22,33,15,22,95,225,0,1,0,0,4.3,6.8,6.3,10.2,68.2,66.7,76.89,96.15,13,15,3,6,23.1,40.0,2,1,2,0,100,0,1,1,1,0,1,0,1,0,21,-1,8,6,89,35,0,1,0,1,2,4,16,33,0,0,7,3,313,128,44.7,42.7,0,1,1,0,1,-1,2,4,2,3,0,3,0,0,41.7,35.7,1,1,1,1,0,0,0,0,0,0,0,0,0,0,1,2,0,2,0,0,1,2,21,1,1,2,13,37,0,0,0,0,38,20,9,6,4,33,3,0,1,0,0,0,0,0,21,0,13,0,0,0,0,292,33,6,6,8,2,16,2,0,0,-2,0,0,0,0,8,0,23,0,0,0,0,107,65855,7,0,0
9/11/2016 1:00:00 PM,1,2016,1,Reliant Stadium,Dome,84,61,3,CHI,HOU,14,23,37,42.5,-5.5,7,7,0,0,0,0,10,3,10,0,23:41,36:19,14,17,3,5,10,12,1,0,54,72,258,344,4.8,4.8,2,2,20,35,73,129,3.6,3.7,1,0,29,35,16,22,185,215,1,2,1,1,6.4,6.1,11.6,9.8,55.2,62.9,71.77,87.20,13,20,4,12,30.8,60.0,2,0,0,0,0,0,2,3,2,1,1,2,1,0,43,41,4,6,30,69,2,1,0,0,5,2,31,16,0,0,7,5,296,243,42.3,48.6,1,1,1,1,0,0,3,6,2,3,0,1,0,0,38.1,40.6,2,2,2,2,0,0,0,0,0,0,0,0,0,0,0,3,0,3,0,0,4,3,40,29,5,3,103,73,1,1,3,12,47,27,8,3,2,16,4,1,0,0,0,0,0,0,31,0,26,0,0,0,0,267,36,13,12,8,5,31,4,1,0,0,0,0,0,0,13,0,28,0,0,0,0,203,65856,11,0,0
9/11/2016 1:00:00 PM,1,2016,1,Lincoln Financial Field,Grass,85,42,14,CLE,PHI,10,29,39,41.0,-4.0,0,7,3,0,0,7,6,9,7,0,20:40,39:20,14,23,6,7,7,14,1,2,50,73,288,403,5.8,5.5,1,3,21,34,120,133,5.7,3.9,1,1,26,37,12,22,168,270,0,2,1,0,6.5,7.3,14,12.3,46.2,59.5,51.44,100.06,10,15,2,5,20.0,33.3,2,1,0,1,0,100,2,4,1,2,1,2,1,1,-15,58,4,7,15,46,2,2,0,0,3,2,22,8,0,1,5,6,251,295,50.2,49.2,1,0,0,1,-1,1,4,6,3,6,2,6,0,0,38.4,39.2,1,3,1,3,0,0,0,0,0,0,0,0,0,0,1,3,1,2,0,0,0,4,0,59,0,2,0,42,0,1,0,5,49,6,9,3,2,8,4,0,0,-15,0,0,0,0,0,0,0,0,0,0,0,192,29,4,5,5,3,22,2,1,0,-6,0,0,0,0,40,0,23,0,0,0,0,235,65857,18,0,0
9/11/2016 1:00:00 PM,1,2016,1,Georgia Dome,Dome,70,50,0,TB,ATL,31,24,55,47.0,-2.5,3,14,14,0,0,10,3,8,3,0,27:37,32:23,20,19,5,2,12,16,3,1,60,64,371,374,6.2,5.8,4,2,28,22,90,52,3.2,2.4,0,0,32,39,23,27,281,322,4,2,1,0,8.8,8.3,12.2,11.9,71.9,69.2,125.13,111.27,9,13,3,3,33.3,23.1,0,2,0,1,0,50.0,2,4,1,1,1,2,1,1,0,31,6,7,48,74,0,0,0,0,0,3,0,12,0,0,5,5,247,193,49.4,38.6,1,0,0,1,-1,1,6,6,6,5,3,5,0,0,45,38.6,4,1,4,1,0,0,0,1,0,1,0,0,0,0,1,3,1,3,0,0,0,2,0,22,1,3,12,85,0,1,0,9,45,10,4,8,3,12,6,0,0,0,0,0,0,0,0,0,12,0,0,0,0,225,39,14,6,2,0,0,5,0,0,0,0,0,0,0,13,0,34,0,0,0,0,193,65858,25,0,0
9/11/2016 1:00:00 PM,1,2016,1,LP Field,Grass,76,47,5,MIN,TEN,25,16,41,40.5,2.5,0,0,12,13,0,3,7,0,6,0,29:35,30:25,15,19,3,2,12,16,0,1,61,65,301,316,4.9,4.9,2,2,28,22,65,64,2.3,2.9,0,0,33,41,18,25,236,252,0,2,0,1,7.2,6.1,13.1,10.1,54.5,61.0,77.34,84.60,14,14,6,8,42.9,57.1,0,0,0,0,0,0,3,3,0,2,0,2,0,2,122,13,3,2,39,10,0,2,0,2,0,2,0,19,0,0,3,5,113,231,37.7,46.2,0,3,3,0,3,-3,7,4,3,2,2,2,0,0,33,38.4,2,1,1,1,0,0,0,1,0,0,0,0,0,0,6,1,4,1,0,0,3,1,19,14,1,5,61,118,1,0,77,0,42,8,4,6,2,19,2,1,2,26,1,1,0,0,12,0,61,0,0,0,0,99,40,10,4,6,0,0,4,0,0,-1,0,0,0,0,14,0,31,0,0,0,0,192,65859,12,0,0
9/11/2016 1:00:00 PM,1,2016,1,MetLife Stadium,Artificial,79,40,17,CIN,NYJ,23,22,45,42.0,1.0,3,10,7,3,0,7,9,0,6,0,25:7,34:53,18,22,5,8,11,11,2,3,56,66,381,340,6.8,5.2,2,2,19,30,57,152,3,5.1,1,0,30,35,23,19,324,188,1,2,1,1,10.8,5.4,14.1,9.9,76.7,54.3,108.19,76.85,11,12,3,4,27.3,33.3,0,0,0,0,0,0,3,5,1,2,1,3,0,1,21,23,5,7,44,95,0,1,0,0,7,1,42,1,0,0,3,3,144,154,48,51.3,1,1,1,1,0,0,5,6,5,5,2,3,0,0,44.3,44.3,2,2,2,1,0,0,0,0,0,0,0,0,0,0,4,4,3,3,0,1,2,2,21,11,3,3,50,110,1,1,0,14,36,28,3,6,1,1,7,0,0,0,0,0,1,0,15,0,19,0,0,0,0,133,33,17,10,9,7,42,2,0,0,-2,0,0,0,0,8,0,65,0,0,0,0,133,65860,3,0,0
9/11/2016 1:00:00 PM,1,2016,1,Mercedes-Benz Superdome,Dome,87,69,4,OAK,NO,35,34,69,50.0,-3.0,10,0,3,22,0,3,14,7,10,0,30:25,29:35,25,27,8,7,14,16,3,4,64,65,486,507,7.6,7.8,4,4,26,22,167,88,6.4,4,3,0,38,42,24,28,319,419,1,4,0,0,8.4,10.0,13.3,15.0,63.2,66.7,98.46,130.95,11,11,4,4,36.4,36.4,0,1,0,1,0,100,4,5,3,3,2,3,2,2,16,21,14,7,141,53,1,2,0,1,0,1,0,4,0,0,4,2,199,95,49.8,47.5,0,1,1,0,1,-1,7,7,2,4,2,4,0,0,42,39.5,1,4,1,4,0,0,3,0,2,0,0,0,0,0,2,4,2,2,0,0,2,2,16,11,3,5,49,86,0,0,0,0,38,20,4,1,1,4,2,2,1,0,0,0,0,0,10,0,21,0,0,0,0,168,37,16,3,4,0,0,4,0,0,10,0,0,0,0,6,0,26,0,0,0,0,79,65861,27,0,0
9/11/2016 1:00:00 PM,1,2016,1,Arrowhead Stadium,Grass,74,51,9,SD,KC,27,33,60,46.0,-6.5,7,14,3,3,0,3,0,7,17,6,34:1,31:6,25,26,10,6,12,19,3,1,69,70,388,413,5.6,5.9,3,4,32,19,155,83,4.8,4.4,2,2,36,48,25,34,233,330,1,2,0,1,6.5,6.9,9.3,9.7,69.4,70.8,96.18,94.97,15,14,7,5,46.7,35.7,0,2,0,2,0,100,5,5,3,4,2,2,2,2,8,35,5,6,30,46,0,0,0,0,1,3,10,33,0,0,5,5,178,197,35.6,39.4,0,1,1,0,1,-1,7,6,7,5,7,4,0,0,28.6,33.8,3,3,3,3,0,0,0,0,0,0,0,0,0,0,3,2,2,2,0,0,2,4,8,35,2,0,43,0,1,0,0,0,48,6,6,8,3,33,4,0,0,0,0,0,0,0,7,0,23,0,0,0,0,143,52,4,3,3,1,10,3,0,0,0,0,0,0,0,14,0,0,0,0,0,0,169,65862,15,0,0
9/11/2016 4:05:00 PM,1,2016,1,CenturyLink Field,Artificial,61,68,2,MIA,SEA,10,12,22,44.0,-10.5,0,3,0,7,0,3,3,0,6,0,25:28,34:32,11,21,3,4,7,16,1,1,54,78,214,352,4.0,4.5,2,1,20,32,64,112,3.2,3.5,2,0,29,43,16,27,150,240,0,1,0,1,5.2,5.6,9.4,8.9,55.2,62.8,69.61,75.73,14,16,3,5,21.4,31.2,1,3,0,2,0,66.7,3,2,1,1,2,1,1,1,43,34,4,8,40,69,2,1,0,1,5,3,36,18,0,0,7,6,327,253,46.7,42.2,0,2,2,0,2,-2,3,3,3,2,3,0,0,0,38.1,36.8,1,1,1,0,0,1,0,0,0,0,0,0,0,0,2,2,1,2,1,0,4,3,32,40,3,0,84,0,1,0,9,0,33,52,9,3,3,18,5,0,1,2,0,0,1,0,16,0,45,0,0,0,0,267,26,30,9,5,5,36,5,2,0,-6,0,0,1,0,22,0,0,0,0,0,0,221,65863,31,0,0
9/11/2016 4:25:00 PM,1,2016,1,Lucas Oil Stadium,Dome,76,46,5,DET,IND,39,35,74,50.5,-2.5,7,14,7,11,0,0,10,8,17,0,30:36,29:24,28,25,7,6,20,17,1,2,64,68,448,450,7,6.6,5,4,24,19,116,82,4.8,4.3,2,0,39,47,31,31,332,368,3,4,0,0,8.5,7.8,10.7,11.9,79.5,66.0,127.78,118.04,9,16,5,9,55.6,56.2,0,0,0,0,0,0,4,4,4,4,1,1,1,1,-1,13,8,5,70,45,0,0,0,0,1,2,8,17,1,0,4,4,235,195,58.8,48.8,0,0,0,0,0,0,7,7,7,7,5,6,0,0,55.5,44,5,3,4,3,0,0,0,1,0,1,0,0,0,0,1,2,1,2,0,0,1,2,-1,13,1,2,22,9,0,0,0,0,37,20,5,3,2,17,7,0,0,0,0,0,0,0,0,0,22,0,0,0,0,222,41,18,6,3,1,8,3,0,0,0,0,0,0,0,9,0,25,0,0,0,0,176,65864,9,0,0
9/11/2016 4:25:00 PM,1,2016,1,AT&T Stadium,Dome,70,50,0,NYG,DAL,20,19,39,47.5,1.0,0,13,0,7,0,3,6,7,3,0,23:17,36:43,18,24,6,10,11,13,1,1,54,75,316,328,5.9,4.4,3,1,24,30,113,101,4.7,3.4,0,1,28,45,19,25,203,227,3,0,1,0,7.2,5.0,10.7,9.1,67.9,55.6,109.67,69.40,10,17,5,10,50.0,58.8,0,0,0,0,0,0,3,3,3,1,1,2,1,1,21,16,4,6,40,50,1,0,0,0,2,0,4,0,0,0,5,3,257,147,51.4,49,1,0,0,1,-1,1,4,6,3,6,3,4,0,0,36.2,43.3,3,1,2,1,0,0,0,0,0,0,0,0,0,0,0,4,0,4,0,0,1,2,17,16,2,1,46,21,0,1,0,0,43,25,3,2,0,0,3,0,0,4,0,0,0,0,17,0,29,0,0,0,0,181,30,26,2,4,2,4,2,1,0,0,0,0,0,0,9,0,21,0,0,0,0,130,65865,17,0,0
9/11/2016 8:30:00 PM,1,2016,1,University of Phoenix Stadium,Dome,70,50,0,NE,ARI,23,21,44,44.0,-9.5,10,0,7,6,0,0,7,7,7,0,33:59,26:1,19,21,7,6,11,14,1,1,66,59,363,344,5.5,5.8,2,3,31,19,106,92,3.4,4.8,1,1,33,37,24,24,257,252,1,2,0,0,7.8,6.8,10.7,10.5,72.7,64.9,105.24,102.53,16,12,10,6,62.5,50.0,0,0,0,0,0,0,2,3,1,3,1,3,1,3,16,6,8,6,69,58,3,1,2,0,2,3,7,19,0,0,2,5,89,180,44.5,36,2,0,0,2,-2,2,6,4,4,4,2,3,0,0,40.5,32.4,2,3,2,3,0,0,0,0,0,0,0,0,0,0,3,1,3,0,0,0,2,1,18,8,1,4,26,61,0,0,0,0,37,10,5,6,3,19,6,0,0,-2,0,0,0,0,10,0,26,0,0,0,0,81,50,9,4,6,2,7,1,2,2,-2,0,0,0,0,8,0,21,0,0,0,0,162,65866,29,0,0
9/12/2016 7:10:00 PM,1,2016,1,FedEx Field,Grass,79,41,4,PIT,WAS,38,16,54,49.0,2.0,0,14,10,14,0,6,0,3,7,0,33:18,26:42,23,18,9,3,14,14,0,1,68,55,437,384,6.4,7.0,5,1,30,12,147,55,4.9,4.6,2,1,37,43,27,30,290,329,3,0,1,2,7.8,7.7,10.7,11.0,73.0,69.8,111.32,72.72,14,10,9,3,64.3,30.0,2,2,2,0,100,0,3,4,3,1,1,2,1,1,0,50,4,9,81,55,2,1,0,0,1,0,10,0,0,0,2,1,107,27,53.5,27,1,2,2,1,1,-1,7,5,6,4,6,4,0,0,45,27,5,1,5,1,0,0,0,0,0,0,0,0,0,0,1,3,1,3,0,0,0,1,0,17,1,1,18,29,2,1,0,26,30,26,2,1,0,0,7,1,1,0,0,0,0,0,0,0,18,0,0,0,0,90,42,35,4,3,1,10,4,1,0,7,0,0,0,0,17,0,29,0,0,0,0,27,65867,19,0,0
9/12/2016 10:20:00 PM,1,2016,1,Levi's Stadium,,66,56,17,LA,SF,0,28,28,43.0,2.5,0,0,0,0,0,7,7,0,14,0,27:50,32:10,10,28,4,11,6,10,0,7,60,77,185,320,3.1,4.2,0,4,23,42,65,150,2.8,3.6,0,3,35,35,17,22,120,170,0,1,2,0,3.4,4.9,7.1,7.7,48.6,62.9,33.04,84.23,15,17,3,8,20.0,47.1,2,2,1,1,50.0,50.0,0,4,0,4,0,4,0,4,38,16,10,2,102,10,0,2,0,1,2,0,10,0,0,0,10,7,431,319,43.1,45.6,2,1,1,2,-1,1,1,5,1,5,1,3,0,0,42,40.1,0,4,0,4,0,0,0,0,0,0,0,0,0,0,0,0,0,0,0,0,4,2,38,11,2,0,59,0,0,2,0,5,58,5,1,8,0,0,4,2,1,0,0,0,0,0,28,0,32,0,0,0,0,420,35,11,5,4,2,10,8,0,0,0,0,0,0,0,7,0,0,0,0,0,0,281,65868,37,0,0
9/15/2016 8:25:00 PM,1,2016,2,Ralph Wilson Stadium,Artificial,60,65,11,NYJ,BUF,37,31,68,40.5,-1.0,6,14,7,10,0,7,3,14,7,0,39:12,20:48,28,16,7,6,18,9,3,1,71,50,493,393,6.9,7.9,4,4,36,19,123,86,3.4,4.5,3,0,34,31,24,19,370,307,1,3,0,1,10.9,9.9,15.4,16.2,70.6,61.3,116.05,113.24,13,10,8,3,61.5,30.0,0,2,0,1,0,50.0,7,1,4,1,3,0,3,0,0,44,7,6,50,59,2,1,1,0,1,0,4,0,0,0,2,3,82,118,41,39.3,1,1,1,1,0,0,8,6,5,1,3,1,0,0,37,39.3,4,4,4,4,0,0,0,0,0,0,0,0,0,0,3,1,3,1,0,0,0,1,0,8,4,5,54,125,1,0,0,0,37,6,1,4,0,0,3,1,0,0,0,0,0,0,0,0,19,0,0,0,0,74,55,29,2,3,1,4,4,2,1,36,1,0,0,0,8,0,45,0,0,0,0,118,65869,1,0,0
8/11/2016 7:00:00 PM,2,2016,1,Georgia Dome,Dome,70,50,0,WAS,ATL,17,23,40,37.0,-3.0,3,0,7,7,0,0,13,10,0,0,33:22,26:38,14,17,5,7,8,8,1,2,58,59,234,359,4.0,6.1,2,2,24,28,79,79,3.3,2.8,1,1,31,31,22,15,155,280,1,0,0,0,5,9.0,7.0,18.7,71.0,48.4,92.81,80.04,15,10,5,2,33.3,20.0,2,1,1,1,50.0,100,2,3,2,1,1,2,1,1,13,38,14,11,123,81,1,1,0,1,3,0,26,0,0,0,7,4,376,188,53.7,47,0,1,1,0,1,-1,4,5,4,2,3,0,0,0,48.3,43.8,2,2,2,2,0,0,0,0,0,0,0,0,0,0,1,4,1,3,0,0,3,5,13,38,5,1,113,101,0,0,0,0,43,9,2,7,0,0,4,1,1,0,0,0,0,0,8,0,35,0,0,0,0,338,47,18,7,6,3,26,2,0,0,0,0,0,0,0,14,1,101,0,0,0,0,175,65788,25,0,0
8/11/2016 7:00:00 PM,2,2016,1,Lincoln Financial Field,Grass,91,59,11,TB,PHI,9,17,26,37.0,-3.0,6,0,0,3,0,14,0,0,3,0,28:19,31:41,18,12,2,7,15,2,1,3,70,67,329,187,4.7,2.8,1,2,21,27,31,92,1.5,3.4,0,2,46,36,27,18,298,95,1,0,3,1,6.5,2.6,11.0,5.3,58.7,50.0,58.06,44.68,14,17,3,5,21.4,29.4,2,1,1,0,50.0,0,1,3,0,2,1,2,0,2,81,30,10,11,92,70,4,2,2,0,3,4,30,19,0,0,7,10,297,474,42.4,47.4,5,1,1,5,-4,4,3,4,3,2,1,0,0,0,39.7,38.8,1,2,0,2,0,0,0,0,0,0,0,0,0,0,1,1,1,1,0,0,5,3,46,19,4,2,83,86,1,3,35,11,50,4,10,5,4,19,4,2,0,3,0,0,0,0,21,0,25,0,0,0,0,278,56,10,5,6,3,30,7,3,2,3,0,0,0,0,13,0,47,0,0,0,0,388,65789,18,0,0
8/11/2016 7:30:00 PM,2,2016,1,Gillette Stadium,Grass,84,71,9,NO,NE,22,34,56,38.0,-3.5,8,8,0,6,0,8,9,7,10,0,34:0,26:0,26,18,8,7,14,10,4,1,76,63,369,362,4.9,5.7,3,4,30,30,78,151,2.6,5.0,2,2,44,31,29,18,291,211,1,0,2,0,6.6,6.8,10.0,11.7,65.9,58.1,73.20,78.83,13,14,6,3,46.2,21.4,0,2,0,1,0,50.0,4,3,3,1,4,1,3,1,109,57,9,7,93,79,4,0,2,0,2,2,22,20,0,0,5,7,221,317,44.2,45.3,4,0,0,4,-4,4,4,7,4,7,1,4,0,0,41.4,29.7,0,2,0,2,0,0,1,0,0,0,2,2,2,1,1,2,0,2,0,0,7,2,109,14,3,3,69,61,0,2,0,43,35,34,7,5,2,20,5,0,0,97,0,0,0,0,48,0,30,0,0,0,0,207,48,36,4,2,2,22,5,4,2,59,3,1,0,0,12,0,22,0,0,0,0,208,65790,4,0,0
8/11/2016 7:30:00 PM,2,2016,1,M&T Bank Stadium,Artificial,94,45,12,CAR,BAL,19,22,41,36.5,1.0,10,3,3,3,0,0,14,8,0,0,31:10,28:50,19,21,6,10,11,10,2,1,69,63,282,288,4.1,4.6,1,3,30,34,81,115,2.7,3.4,0,2,36,28,21,20,201,173,1,1,0,1,5.6,6.2,9.6,8.6,58.3,71.4,83.22,84.38,16,14,7,7,43.8,50.0,3,1,2,1,66.7,100,6,4,1,3,3,3,1,2,83,0,9,3,80,30,2,2,2,2,3,1,17,8,0,0,3,3,103,143,34.3,47.7,2,3,3,2,1,-1,5,4,4,4,2,1,0,0,34.3,44.7,1,2,1,2,0,0,0,1,0,1,0,0,0,0,4,1,4,0,0,0,3,1,9,0,3,3,95,74,1,0,74,0,47,8,3,3,1,8,3,1,2,0,0,0,0,0,9,0,48,0,0,0,0,103,49,20,8,4,3,17,6,2,2,0,0,0,0,0,0,0,26,0,0,0,0,134,65791,7,0,0
8/11/2016 7:30:00 PM,2,2016,1,MetLife Stadium,Artificial,94,48,15,JAX,NYJ,13,17,30,36.5,-3.0,10,3,0,0,0,0,14,3,0,0,33:49,26:11,18,16,5,3,13,11,0,2,63,55,415,284,6.6,5.2,1,2,25,20,96,56,3.8,2.8,1,1,35,32,24,18,319,228,0,1,1,0,9.1,7.1,13.3,12.7,68.6,56.2,85.30,89.06,11,12,1,2,9.1,16.7,1,0,1,0,100,0,4,4,1,2,2,2,1,1,4,44,12,2,132,20,0,1,0,0,3,3,18,16,0,0,7,6,301,253,43,42.2,1,0,0,1,-1,1,4,4,4,3,2,3,0,0,39.6,41.5,1,2,1,2,0,0,0,0,0,0,0,0,0,0,2,3,2,1,0,0,2,3,4,4,1,2,23,135,0,1,0,40,41,2,6,4,3,16,3,0,0,0,0,0,0,0,5,0,23,0,0,0,0,277,42,20,5,5,3,18,7,0,0,0,0,0,0,0,4,0,84,0,0,0,0,249,65792,3,0,0
8/11/2016 8:00:00 PM,2,2016,1,Soldier Field,Grass,88,59,10,DEN,CHI,22,0,22,35.5,-1.0,7,13,2,0,0,0,0,0,0,0,36:5,23:55,18,8,5,3,12,5,1,0,63,50,344,130,5.5,2.6,2,0,28,17,90,48,3.2,2.8,0,0,32,26,23,16,254,82,1,0,1,1,7.9,3.2,11.0,5.1,71.9,61.5,92.45,50.48,14,14,6,3,42.9,21.4,0,1,0,0,0,0,2,0,0,0,0,0,0,0,68,0,8,5,75,55,0,1,0,0,3,7,7,64,1,0,5,9,220,384,44,42.7,1,1,1,1,0,0,5,2,4,1,2,0,0,1,44,33.9,2,0,2,0,0,0,0,0,0,0,0,0,0,0,4,0,2,0,1,0,5,3,59,0,2,3,49,59,1,1,9,0,45,8,11,7,7,64,3,3,0,0,0,0,1,0,16,0,26,0,1,0,0,220,49,16,4,6,3,7,4,0,0,0,0,0,1,0,0,0,21,10,0,0,0,305,65793,20,0,0
8/12/2016 7:00:00 PM,2,2016,1,Heinz Field,Grass,82,71,3,DET,PIT,30,17,47,35.5,-3.0,0,13,3,14,0,0,14,0,3,0,34:2,25:58,20,10,3,5,16,4,1,1,70,50,379,187,5.4,3.7,3,2,27,20,95,85,3.5,4.2,0,0,42,26,28,15,284,102,2,1,1,0,6.8,3.9,10.1,6.8,66.7,57.7,91.77,79.33,19,12,12,2,63.2,16.7,0,0,0,0,0,0,3,1,0,0,0,0,0,0,51,39,8,9,82,72,5,3,1,1,1,4,10,25,0,0,3,7,141,365,47,52.1,2,1,1,2,-1,1,7,4,7,2,5,0,0,0,47,44.9,2,2,1,2,0,0,1,0,1,0,0,0,0,0,3,1,3,1,0,0,6,1,51,0,4,2,155,48,0,1,0,39,40,13,4,5,4,25,3,5,1,10,0,0,0,0,23,1,96,0,0,0,0,141,56,22,4,2,1,10,5,3,1,0,0,1,0,0,0,0,25,0,0,0,0,314,65796,8,0,0
8/12/2016 7:00:00 PM,2,2016,1,MetLife Stadium,Artificial,76,85,5,MIA,NYG,27,10,37,36.5,-2.5,0,17,3,7,0,10,0,0,0,0,32:53,27:7,14,13,5,6,9,4,0,3,65,54,296,227,4.6,4.2,3,1,32,32,104,158,3.2,4.9,1,1,29,18,20,9,192,69,2,0,1,2,6.6,3.8,9.6,7.7,69.0,50.0,95.76,20.14,16,12,6,2,37.5,16.7,1,0,1,0,100,0,3,2,2,1,1,2,1,1,82,51,9,7,61,56,2,6,0,2,4,4,20,18,0,0,7,7,304,334,43.4,47.7,1,4,4,1,3,-3,6,3,5,2,3,0,0,0,38.9,37.7,3,1,3,1,0,0,0,0,0,0,0,0,0,0,2,1,2,1,0,0,5,4,70,32,3,3,61,57,2,1,12,19,53,23,4,5,4,18,6,2,2,48,0,0,0,0,28,0,27,0,0,0,0,272,63,31,8,11,4,20,3,1,0,10,0,0,0,0,15,0,27,0,0,0,0,264,65797,3,0,0
8/12/2016 7:30:00 PM,2,2016,1,Paul Brown Stadium,Artificial,86,69,8,MIN,CIN,17,16,33,35.0,0.0,0,10,7,0,0,0,7,0,9,0,28:31,31:29,16,19,1,7,14,11,1,1,53,66,274,339,5.2,5.1,2,2,25,28,56,90,2.2,3.2,1,0,27,36,20,21,218,249,1,1,1,2,8.1,6.9,10.9,11.9,74.1,58.3,94.37,65.63,12,15,5,8,41.7,53.3,1,2,1,0,100,0,1,3,1,1,1,2,1,1,13,98,5,5,37,42,0,0,0,0,1,2,2,18,0,0,6,3,282,133,47,44.3,1,2,2,1,1,-1,3,4,1,3,0,2,0,0,31.2,33.7,2,1,2,1,0,0,0,1,0,0,0,0,0,0,1,2,1,1,0,0,2,3,12,95,2,3,55,64,2,1,1,3,46,20,7,5,2,18,8,0,0,0,0,0,0,0,10,0,33,0,0,0,0,187,36,25,3,4,1,2,1,0,0,0,0,0,0,1,80,0,30,0,0,0,0,101,65798,5,0,0
8/12/2016 8:00:00 PM,2,2016,1,Lambeau Field,Grass,73,87,8,CLE,GB,11,17,28,35.0,1.5,2,3,6,0,0,3,7,3,4,0,20:16,39:44,11,19,3,5,5,13,3,1,44,80,172,320,3.9,4,1,1,17,41,77,151,4.5,3.7,0,0,23,37,11,22,95,169,1,1,1,1,4.1,4.6,8.6,7.7,47.8,59.5,55.53,68.41,8,22,2,9,25.0,40.9,1,2,0,2,0,100,2,2,1,1,1,1,1,1,28,7,5,12,34,112,2,1,1,0,4,2,24,10,1,2,4,6,205,251,51.2,41.8,2,1,1,2,-1,1,5,5,2,3,0,1,0,0,49.8,33.8,0,1,0,1,0,0,1,0,0,0,0,0,0,0,1,2,1,2,0,0,2,2,28,6,4,5,55,104,1,1,0,1,65,15,5,6,2,10,4,0,0,0,0,0,0,0,24,0,31,0,0,0,0,199,33,6,6,7,4,24,2,0,1,0,0,0,0,0,5,0,34,0,0,0,0,203,65794,22,0,0
8/12/2016 10:00:00 PM,2,2016,1,University of Phoenix Stadium,Dome,70,50,0,OAK,ARI,31,10,41,37.5,-2.5,17,0,7,7,0,3,7,0,0,0,24:38,35:22,10,22,4,7,6,12,0,3,50,76,322,383,6.4,5.0,4,1,21,35,166,172,7.9,4.9,2,1,29,40,15,15,156,211,2,0,0,2,5.4,5.3,10.4,14.1,51.7,37.5,90.59,34.48,12,16,3,5,25.0,31.2,0,1,0,0,0,0,2,3,2,1,0,3,0,1,69,23,11,3,86,20,2,1,1,1,0,1,0,6,0,0,8,7,409,298,51.1,42.6,1,3,3,1,2,-2,6,3,4,3,1,1,0,0,43.2,36.6,4,1,4,1,0,0,0,0,0,0,0,0,0,0,1,2,1,1,0,0,4,3,22,23,2,5,74,88,2,0,47,0,52,15,5,3,1,6,8,1,1,0,0,0,0,0,15,0,43,0,0,0,0,346,39,5,1,2,0,0,2,2,1,0,0,0,0,0,11,0,21,0,0,0,0,256,65795,29,0,0
8/13/2016 4:30:00 PM,2,2016,1,Arrowhead Stadium,Grass,87,46,9,SEA,KC,17,16,33,36.0,-3.5,0,3,3,11,0,7,6,3,0,0,30:58,29:2,21,20,5,9,14,9,2,2,72,61,358,329,5.0,5.4,1,1,28,29,110,135,3.9,4.7,0,1,42,32,22,15,248,194,1,0,1,1,5.9,6.1,11.3,12.9,52.4,46.9,68.35,53.39,16,15,6,6,37.5,40.0,2,0,1,0,50.0,0,1,2,0,1,0,1,0,1,44,31,9,7,86,57,3,0,0,0,2,0,7,0,0,0,5,5,273,261,54.6,52.2,1,1,1,1,0,0,4,5,2,3,0,1,0,0,44.8,45.6,0,1,0,1,0,0,0,0,0,0,1,0,1,0,3,3,3,3,0,0,3,4,33,29,4,4,83,99,1,1,11,2,49,6,4,0,0,0,4,0,0,0,0,0,0,0,17,0,33,0,0,0,0,224,59,0,10,4,2,7,5,0,0,0,0,0,0,0,18,0,34,0,0,0,0,228,65799,15,0,0
8/13/2016 7:00:00 PM,2,2016,1,Ralph Wilson Stadium,Artificial,84,67,10,IND,BUF,19,18,37,36.5,-2.5,0,9,0,10,0,9,0,3,6,0,25:39,34:21,13,21,1,8,8,10,4,3,55,72,274,372,5.0,5.2,2,2,23,28,30,126,1.3,4.5,0,0,32,42,17,23,244,246,2,2,0,0,7.6,5.9,14.4,10.7,53.1,54.8,98.96,88.00,14,15,4,3,28.6,20.0,0,2,0,1,0,50.0,1,3,0,2,1,1,0,1,31,28,7,11,75,106,0,1,0,0,0,2,0,14,0,1,9,8,430,382,47.8,47.8,0,0,0,0,0,0,5,3,1,2,0,1,1,0,38,41.4,1,1,1,1,0,0,1,1,0,0,0,0,0,0,2,2,2,1,0,0,5,4,31,28,2,5,41,100,0,0,0,0,51,23,2,6,2,14,5,0,0,0,0,0,0,0,14,0,25,0,0,0,0,342,39,16,4,4,0,0,8,0,0,0,0,0,1,0,16,0,22,0,0,0,0,331,65800,1,0,0
8/13/2016 8:00:00 PM,2,2016,1,Los Angeles Memorial Coliseum,Grass,79,57,8,DAL,LA,24,28,52,35.5,-6.0,14,10,0,0,0,7,0,7,14,0,28:50,31:10,13,25,4,7,9,15,0,3,51,67,335,373,6.6,5.6,3,4,21,25,105,139,5,5.6,0,1,28,41,18,28,230,234,2,3,0,2,8.2,5.7,12.8,8.4,64.3,68.3,113.69,86.84,11,12,4,5,36.4,41.7,2,1,0,1,0,100,2,4,1,4,0,1,0,1,19,25,10,2,87,13,1,0,0,0,2,1,8,9,0,0,4,4,180,185,45,46.2,0,2,2,0,2,-2,5,5,5,5,2,1,0,0,33.8,36.2,3,4,3,4,0,0,0,0,0,0,0,0,0,0,1,0,1,0,0,0,0,1,0,25,4,3,150,93,2,0,19,0,46,12,7,2,1,9,5,0,0,0,0,0,0,0,0,1,101,0,0,0,0,135,39,8,8,4,2,8,0,2,0,0,0,0,0,0,25,0,48,0,0,0,0,145,65801,38,0,0
8/13/2016 8:00:00 PM,2,2016,1,LP Field,Grass,83,84,1,SD,TEN,10,27,37,35.5,-3.0,7,3,0,0,0,10,7,0,10,0,30:44,29:16,16,18,7,13,9,5,0,0,60,56,330,437,5.5,7.8,1,3,26,33,115,288,4.4,8.7,0,3,32,20,15,14,215,149,1,0,2,0,6.7,7.4,14.3,10.6,46.9,70.0,53.52,91.46,13,10,5,4,38.5,40.0,1,0,0,0,0,0,0,2,0,1,0,0,0,0,-3,38,9,7,80,58,1,2,0,1,2,3,13,18,0,0,5,4,264,145,52.8,36.2,2,1,1,2,-1,1,3,6,0,3,0,2,0,0,41.4,37,1,3,1,3,0,0,0,0,0,0,0,0,0,0,1,2,1,2,0,0,1,3,3,17,4,3,103,72,0,2,0,21,43,26,7,3,3,18,1,2,1,0,0,0,0,0,0,0,31,0,0,0,0,207,40,20,3,2,2,13,5,1,0,0,0,0,0,0,16,0,35,0,0,0,0,148,65802,12,0,0
8/14/2016 7:00:00 PM,2,2016,1,Levi's Stadium,,84,35,9,HOU,SF,24,13,37,38.0,-3.5,7,0,10,7,0,10,3,0,0,0,32:52,27:8,19,21,5,12,11,8,3,1,64,78,265,409,4.1,5.2,3,1,29,34,94,236,3.2,6.9,0,0,32,43,18,20,171,173,2,1,0,0,5.3,4.0,9.5,8.6,56.2,46.5,92.06,65.36,14,18,4,6,28.6,33.3,1,3,0,2,0,66.7,2,2,2,0,2,1,2,0,10,8,3,8,20,59,3,2,0,2,3,1,24,7,0,0,7,7,368,278,52.6,39.7,0,2,2,0,2,-2,5,4,3,3,1,2,0,0,48.6,38.3,3,1,3,1,0,0,0,0,0,0,0,0,0,0,1,2,1,2,0,0,4,3,10,8,2,4,41,75,0,0,0,0,57,15,7,3,1,7,6,2,2,41,1,0,0,0,10,0,28,0,0,0,0,340,54,13,8,7,3,24,7,1,0,0,0,0,0,0,8,0,24,0,0,0,0,268,65804,37,0,0
8/18/2016 7:00:00 PM,2,2016,2,Heinz Field,Grass,84,46,10,PHI,PIT,17,0,17,38.0,-2.5,7,3,7,0,0,0,0,0,0,0,30:29,29:31,16,12,4,2,12,9,0,1,67,58,298,207,4.4,3.6,2,0,27,21,91,50,3.4,2.4,1,0,39,33,26,19,207,157,0,0,0,4,5.3,4.8,8.0,8.3,66.7,57.6,79.75,30.30,17,15,9,7,52.9,46.7,0,1,0,0,0,0,1,1,1,0,1,0,1,0,56,29,12,6,96,36,1,0,1,0,1,4,12,21,0,0,7,6,353,280,50.4,46.7,1,4,4,1,3,-3,4,1,3,1,2,0,0,0,40.6,45.7,2,0,2,0,0,0,0,0,0,0,0,0,0,0,1,0,1,0,0,0,4,4,6,29,1,2,14,44,4,0,50,0,46,15,6,8,4,21,8,0,0,0,0,1,0,0,3,0,14,0,0,0,0,284,58,17,3,3,1,12,4,2,1,0,0,0,0,0,17,0,26,0,0,0,0,274,65805,8,0,0
8/18/2016 7:30:00 PM,2,2016,2,Ford Field,Dome,68,70,0,CIN,DET,30,14,44,41.0,-2.0,7,13,0,10,0,3,3,0,8,0,30:6,29:54,20,19,8,4,9,13,3,2,58,64,291,349,5.0,5.5,4,1,29,27,102,73,3.5,2.7,2,1,29,36,21,24,189,276,1,0,0,2,6.5,7.7,9,11.5,72.4,66.7,101.08,66.44,11,13,5,4,45.5,30.8,0,1,0,1,0,100,3,3,3,1,3,2,3,1,140,21,7,8,50,64,0,1,0,0,0,1,0,10,0,0,3,4,142,173,47.3,43.2,0,2,2,0,2,-2,6,4,6,3,0,1,0,0,40.3,29.8,4,0,3,0,0,0,0,0,0,0,0,1,0,1,2,2,1,2,0,0,2,3,54,21,3,6,82,145,2,0,86,0,50,16,3,5,1,10,2,1,0,0,0,1,0,0,30,0,36,0,0,0,0,121,45,12,2,6,0,0,2,0,0,0,0,0,0,0,10,0,28,0,0,0,0,119,65806,21,0,0
8/18/2016 8:00:00 PM,2,2016,2,Gillette Stadium,Grass,78,59,4,CHI,NE,22,23,45,41.5,-3.0,11,0,0,11,0,0,17,6,0,0,27:57,32:3,17,23,6,7,8,14,3,2,63,63,331,373,5.3,5.9,2,2,30,26,125,114,4.2,4.4,1,1,32,34,16,25,206,259,1,1,1,0,6.4,7.6,12.9,10.4,50.0,73.5,67.97,104.90,14,10,5,2,35.7,20.0,3,1,2,1,66.7,100,4,5,1,2,2,3,1,1,15,49,7,9,51,66,0,1,0,1,1,3,4,9,0,0,4,4,195,178,48.8,44.5,1,1,1,1,0,0,4,6,3,4,2,3,0,0,40,40.8,0,0,0,0,0,0,2,1,2,1,0,1,0,0,2,3,2,3,0,0,4,3,15,35,3,2,64,30,0,1,0,14,37,38,5,1,3,9,1,1,1,0,0,0,0,0,12,0,25,0,0,0,0,160,35,30,4,3,1,4,5,0,0,0,0,0,0,0,16,0,20,0,0,0,0,163,65807,4,0,0
8/18/2016 8:00:00 PM,2,2016,2,FirstEnergy Stadium,Artificial,79,62,6,ATL,CLE,24,13,37,38.5,-2.0,7,3,7,7,0,7,6,0,0,0,39:59,20:1,31,12,12,4,17,5,2,3,79,40,498,243,6.3,6.1,3,2,41,20,224,102,5.5,5.1,2,0,36,18,24,12,274,141,1,2,0,0,7.6,7.8,11.4,11.8,66.7,66.7,98.61,127.31,17,8,11,1,64.7,12.5,1,2,1,1,100,50.0,3,1,2,0,2,1,1,0,39,15,9,7,90,58,1,1,1,0,2,2,18,13,0,0,2,5,74,278,37,55.6,1,0,0,1,-1,1,5,3,5,3,1,2,0,0,29.5,47.8,3,2,3,1,0,0,0,0,0,0,0,0,0,0,2,0,1,0,0,0,5,1,39,15,1,4,22,71,0,0,0,0,33,8,2,5,2,13,2,0,0,0,0,0,0,0,10,0,22,0,0,0,0,59,64,10,5,3,2,18,7,2,1,0,0,0,0,0,15,0,20,0,0,0,0,239,65808,6,0,0
8/18/2016 8:00:00 PM,2,2016,2,Lambeau Field,Grass,83,62,6,OAK,GB,12,20,32,43.0,-3.0,3,0,0,9,0,7,0,10,3,0,24:24,35:36,7,18,2,9,4,8,1,1,46,67,187,257,4.1,3.8,1,2,19,40,46,145,2.4,3.6,0,2,27,24,17,14,141,112,0,0,2,0,5.2,4.7,8.3,8,63.0,58.3,45.45,70.14,11,17,3,7,27.3,41.2,0,1,0,0,0,0,1,4,0,2,0,3,0,2,23,91,10,3,96,38,1,0,0,0,0,3,0,20,0,0,6,6,288,251,48,41.8,2,0,0,2,-2,2,4,5,4,5,2,3,0,1,40.7,38,1,2,0,2,0,0,0,0,0,0,0,0,0,0,2,2,2,2,0,0,3,4,23,44,2,2,54,47,0,2,0,47,54,19,4,8,3,20,0,0,0,-2,0,0,1,0,13,0,33,0,1,0,0,244,35,15,0,3,0,0,4,0,0,0,0,0,0,0,21,0,26,0,0,0,0,228,65809,22,0,0
8/18/2016 10:00:00 PM,2,2016,2,CenturyLink Field,Artificial,83,43,7,MIN,SEA,18,11,29,38.5,-2.5,0,11,0,7,0,0,0,0,11,0,27:9,32:51,17,21,4,10,10,8,3,3,58,71,258,327,4.4,4.6,2,1,26,31,70,187,2.7,6.0,1,1,31,34,16,16,188,140,0,0,0,1,6.1,4.1,11.8,8.8,51.6,47.1,70.36,46.20,14,15,5,5,35.7,33.3,0,1,0,0,0,0,2,2,1,1,2,2,1,1,81,6,6,12,90,111,0,1,0,0,1,6,8,68,0,0,8,6,364,324,45.5,54,0,1,1,0,1,-1,3,3,2,3,2,1,0,0,39.8,46,1,0,1,0,0,0,1,0,1,0,0,1,0,1,2,2,1,1,0,0,4,4,28,6,2,1,59,26,1,0,53,0,37,40,8,5,6,68,3,0,0,0,0,1,0,0,16,0,31,0,0,0,0,318,26,44,5,4,1,8,5,0,0,-5,0,0,0,0,11,0,26,0,0,0,0,276,65810,31,0,0
8/19/2016 7:30:00 PM,2,2016,2,FedEx Field,Grass,84,47,0,NYJ,WAS,18,22,40,39.0,-3.5,0,2,7,9,0,0,14,0,8,0,24:10,35:50,18,20,4,7,13,12,1,1,60,69,349,326,5.8,4.7,2,3,9,31,35,101,3.9,3.3,0,0,48,36,26,23,314,225,2,3,1,1,6.5,6.2,12.1,9.8,54.2,63.9,79.69,97.57,11,15,2,6,18.2,40.0,1,1,0,0,0,0,1,4,1,2,0,2,0,1,14,22,6,10,47,65,4,3,2,0,3,2,10,11,1,0,6,7,289,334,48.2,47.7,3,1,1,3,-2,2,4,5,4,4,3,4,0,0,46.2,42.9,2,2,1,2,0,0,0,1,0,1,0,0,0,0,1,0,1,0,0,0,4,5,14,12,1,1,15,17,1,1,0,10,45,36,6,7,2,11,7,0,0,0,0,0,0,0,4,0,15,0,0,0,0,277,36,14,8,3,3,10,8,3,2,17,0,0,0,0,10,0,17,0,0,0,0,300,65811,19,0,0
8/19/2016 8:00:00 PM,2,2016,2,AT&T Stadium,Dome,72,50,0,MIA,DAL,14,41,55,40.5,-1.0,0,14,0,0,0,7,20,14,0,0,30:9,29:51,19,24,4,9,11,13,4,2,62,58,314,433,5.1,7.5,2,5,29,34,120,170,4.1,5,0,3,30,24,18,17,194,263,2,2,0,0,6.5,11.0,10.8,15.5,60.0,70.8,101.25,134.55,14,9,7,2,50.0,22.2,2,1,0,1,0,100,4,5,2,4,2,3,1,2,24,52,10,12,79,113,1,0,1,0,3,0,23,0,0,0,5,4,200,166,40,41.5,1,0,0,1,-1,1,3,8,3,8,3,6,0,0,29.6,35.5,2,5,2,5,0,0,0,0,0,0,0,0,0,0,0,2,0,2,0,0,4,4,24,52,2,0,49,0,0,0,0,0,45,14,4,6,0,0,3,0,0,0,0,0,0,0,10,0,30,0,0,0,0,148,46,14,3,7,3,23,5,1,1,16,0,0,0,0,27,0,0,3,0,0,0,142,65812,17,0,0
8/19/2016 9:00:00 PM,2,2016,2,Qualcomm Stadium,Grass,75,63,9,ARI,SD,3,19,22,40.5,0.0,0,0,0,3,0,10,6,3,0,0,27:25,32:35,12,15,2,2,9,13,1,0,52,61,209,285,4.0,4.7,0,1,21,27,63,46,3,1.7,0,0,30,33,16,20,146,239,0,0,2,0,4.9,7.2,9.1,12.0,53.3,60.6,39.03,82.77,14,17,5,8,35.7,47.1,0,0,0,0,0,0,0,2,0,0,0,1,0,0,15,93,3,8,25,50,0,1,0,0,1,1,8,3,0,0,5,4,239,218,47.8,54.5,2,0,0,2,-2,2,2,6,1,4,1,4,0,0,46.4,45.8,0,1,0,1,0,0,0,0,0,0,0,0,0,0,2,4,1,4,0,0,2,4,15,7,2,1,45,20,0,2,0,86,50,9,3,5,1,3,5,0,0,0,0,0,0,0,8,0,26,0,0,0,0,232,41,12,2,3,1,8,5,0,0,0,0,1,0,0,7,0,20,0,0,0,0,183,65813,14,0,0
8/20/2016 3:00:00 PM,2,2016,2,LP Field,Grass,80,89,0,CAR,TEN,26,16,42,40.0,1.5,10,3,6,7,0,0,7,3,6,0,28:1,31:59,17,20,2,7,15,13,0,0,58,60,393,330,6.8,5.5,3,2,21,24,53,96,2.5,4,0,0,37,34,25,26,340,234,3,2,0,2,9.2,6.9,13.6,9,67.6,76.5,123.70,89.58,14,11,7,6,50.0,54.5,0,1,0,0,0,0,3,1,2,1,2,1,2,1,24,26,8,6,65,40,0,2,0,1,0,2,0,11,0,0,5,3,213,148,42.6,49.3,0,3,3,0,3,-3,6,4,2,1,1,0,0,0,37.4,37.3,3,1,2,1,0,0,0,1,0,0,0,0,0,0,2,1,2,1,0,0,2,3,16,26,4,5,55,63,2,0,8,0,52,10,2,5,2,11,3,2,1,0,0,0,0,0,12,0,16,0,0,0,0,187,41,14,0,0,0,0,4,0,0,0,0,0,0,0,9,0,21,0,0,0,0,112,65814,12,0,0
8/20/2016 4:00:00 PM,2,2016,2,Ralph Wilson Stadium,Artificial,87,50,5,NYG,BUF,0,21,21,40.5,-3.0,0,0,0,0,0,0,21,0,0,0,20:15,39:45,7,21,3,8,3,10,1,3,47,75,166,343,3.5,4.6,0,3,19,37,102,70,5.4,1.9,0,1,25,35,8,21,64,273,0,2,2,1,2.6,7.8,8,13,32.0,60.0,7.92,91.73,11,18,1,8,9.1,44.4,1,0,0,0,0,0,1,5,0,3,0,2,0,1,54,21,10,7,70,73,2,2,2,1,3,3,22,11,0,0,8,8,384,349,48,43.6,4,2,2,4,-2,2,1,4,1,3,1,2,0,0,44.8,36.9,0,2,0,1,0,0,0,1,0,1,0,0,0,0,1,1,0,0,0,0,5,5,54,26,2,0,21,0,1,2,0,5,63,22,5,9,3,11,5,1,1,0,0,0,0,0,25,0,21,0,0,0,0,358,33,13,4,5,3,22,7,4,2,1,0,0,0,0,11,0,0,0,0,0,0,295,65815,1,0,0
8/20/2016 7:00:00 PM,2,2016,2,Lucas Oil Stadium,Dome,74,90,13,BAL,IND,19,18,37,40.0,-2.5,0,14,0,5,0,3,3,6,6,0,26:47,33:13,16,23,5,4,8,12,3,7,61,62,251,326,4.1,5.3,2,2,30,23,120,93,4,4.0,0,0,30,37,18,28,131,233,2,2,1,0,4.4,6.3,7.3,8.3,60.0,75.7,78.61,109.40,14,10,5,3,35.7,30.0,0,1,0,1,0,100,3,3,2,2,1,2,0,1,21,43,11,9,91,101,1,1,0,1,1,2,0,11,0,0,6,3,285,162,47.5,54,1,1,1,1,0,0,4,5,2,2,0,0,0,0,40.3,47,2,0,2,0,0,0,0,2,0,0,0,0,0,0,1,4,1,2,0,0,1,4,21,43,5,4,94,112,0,1,0,0,49,13,5,4,2,11,5,2,1,0,0,0,0,0,21,0,23,0,0,0,0,242,32,38,7,3,1,0,2,0,0,0,0,0,0,0,26,0,32,0,0,0,0,141,65816,9,0,0
8/20/2016 7:30:00 PM,2,2016,2,EverBank Field,Artificial,94,41,8,TB,JAX,27,21,48,41.0,-3.0,0,17,0,10,0,7,7,0,7,0,36:14,23:46,28,12,8,1,12,10,8,1,84,54,377,209,4.5,3.9,3,3,44,21,158,79,3.6,3.8,1,0,39,32,19,13,219,130,2,2,2,4,5.6,4.1,11.5,10,48.7,40.6,61.81,34.11,17,13,6,5,35.3,38.5,1,1,1,0,100,0,6,1,3,1,4,0,3,0,104,84,8,13,70,121,2,0,0,0,1,1,7,8,0,0,4,6,175,297,43.8,49.5,2,4,4,2,2,-2,5,4,3,3,2,3,0,0,42.5,41.3,3,3,3,3,0,0,0,0,0,0,0,0,0,0,4,0,2,0,0,0,3,3,49,5,1,3,31,63,4,2,55,79,37,2,3,4,1,8,8,0,0,0,0,0,0,0,18,0,31,0,0,0,0,170,60,12,3,7,1,7,7,1,0,0,0,1,0,0,2,0,24,0,0,0,0,248,65817,10,0,0
8/20/2016 8:00:00 PM,2,2016,2,Reliant Stadium,Dome,88,66,7,NO,HOU,9,16,25,41.0,-1.0,0,0,3,6,0,7,6,0,3,0,29:50,30:10,19,16,4,6,12,10,3,0,70,63,260,275,3.7,4.4,0,1,26,24,82,59,3.2,2.5,0,0,42,35,23,23,178,216,0,1,2,1,4.2,6.2,7.7,9.4,54.8,65.7,45.54,80.18,18,14,8,5,44.4,35.7,1,1,1,0,100,0,4,3,0,1,1,1,0,0,15,26,5,7,44,73,2,1,1,1,2,4,19,37,0,0,6,6,267,264,44.5,44,3,2,2,3,-1,1,4,4,2,3,0,1,0,0,41.2,41.5,0,1,0,1,0,0,0,0,0,0,0,0,0,0,3,3,3,3,0,0,3,4,15,20,3,4,56,93,1,2,0,6,50,30,6,5,4,37,5,0,1,0,0,0,0,0,11,0,19,0,0,0,0,247,53,9,5,5,2,19,8,1,1,0,0,0,0,0,11,0,31,0,0,0,0,249,65818,11,0,0
8/20/2016 9:00:00 PM,2,2016,2,Sports Authority Field at Mile High,Grass,73,29,9,SF,DEN,31,24,55,40.0,-6.5,0,17,0,14,0,7,3,7,7,0,25:19,34:41,19,31,9,7,10,19,0,5,61,88,400,406,6.6,4.6,4,3,36,25,184,124,5.1,5.0,2,1,24,57,19,35,216,282,1,2,0,2,9,4.9,11.4,8.1,79.2,61.4,118.06,70.94,12,15,5,5,41.7,33.3,1,1,1,1,100,100,3,6,1,3,1,2,1,2,53,7,5,8,45,45,5,3,3,2,1,6,5,26,0,0,5,6,221,226,44.2,37.7,3,4,4,3,1,-1,6,5,5,3,0,2,0,0,38.8,37.8,4,3,4,3,0,0,0,0,0,0,0,0,0,0,1,1,1,1,0,0,2,4,1,7,2,6,32,125,2,0,54,0,69,7,5,6,6,26,11,2,2,1,0,1,0,0,1,0,17,0,0,0,0,194,55,8,3,5,1,5,0,5,3,0,0,0,0,0,6,0,24,0,0,0,0,227,65819,13,0,0
8/20/2016 9:00:00 PM,2,2016,2,Los Angeles Memorial Coliseum,Grass,71,54,8,KC,LA,20,21,41,39.0,1.5,7,13,0,0,0,7,7,0,7,0,36:30,23:30,24,16,8,7,14,8,2,1,69,48,390,264,5.7,5.5,2,3,23,29,82,139,3.6,4.8,1,1,43,17,32,12,308,125,1,2,0,0,7.2,7.4,9.6,10.4,74.4,70.6,101.70,130.76,13,6,6,1,46.2,16.7,2,0,1,0,50.0,0,4,3,1,3,2,1,1,1,18,-1,9,9,109,44,3,2,1,1,3,2,20,10,0,0,3,5,140,237,46.7,47.4,1,1,1,1,0,0,5,4,3,3,1,2,0,0,47,39.8,2,3,2,3,0,0,0,0,0,0,0,0,0,0,3,0,2,0,0,0,3,2,18,1,2,4,55,75,0,0,0,0,30,28,2,2,2,10,1,2,1,0,0,0,0,0,11,0,30,0,0,0,0,141,52,17,4,5,3,20,3,0,1,1,0,0,0,0,0,0,24,0,0,0,0,199,65820,38,0,0
8/25/2016 8:00:00 PM,2,2016,3,Sun Life Stadium,Grass,85,60,13,ATL,MIA,6,17,23,43.0,-2.0,0,3,3,0,0,0,7,10,0,0,25:22,34:38,14,24,1,8,11,13,2,3,60,71,292,304,4.9,4.3,0,2,15,31,31,78,2.1,2.5,0,2,43,40,29,29,261,226,0,0,1,1,6.1,5.6,9,7.8,67.4,72.5,73.89,75.62,14,14,3,7,21.4,50.0,4,1,1,1,25.0,100,1,4,0,2,1,2,0,2,17,34,7,5,59,74,4,1,1,0,2,0,12,0,0,0,3,5,125,209,41.7,41.8,2,1,1,2,-1,1,3,4,3,3,2,1,0,0,36,38.4,0,2,0,2,0,0,0,0,0,0,0,0,0,0,2,2,2,1,0,0,3,1,17,17,3,1,91,15,1,1,0,17,44,26,3,6,0,0,7,0,0,0,0,0,0,0,9,0,49,0,0,0,0,108,36,32,6,2,2,12,2,2,1,0,0,0,0,0,17,0,15,0,0,0,0,192,65821,2,0,0
8/25/2016 10:00:00 PM,2,2016,3,CenturyLink Field,Artificial,86,27,12,DAL,SEA,17,27,44,43.5,-6.0,7,3,0,7,0,0,10,17,0,0,29:31,30:29,23,18,7,6,13,11,3,1,65,58,332,371,5.1,6.4,2,3,20,27,114,148,5.7,5.5,0,1,41,30,28,19,218,223,2,2,0,0,5.3,7.4,7.8,11.7,68.3,63.3,97.41,108.06,11,13,3,4,27.3,30.8,0,1,0,0,0,0,2,4,2,3,1,1,1,1,38,9,6,9,54,70,1,1,1,0,4,1,22,1,0,0,6,5,252,268,42,53.6,1,0,0,1,-1,1,3,6,3,6,1,5,0,0,40.5,46,2,3,2,3,0,0,0,0,0,0,0,0,0,0,2,2,1,2,0,0,5,2,38,9,1,2,24,49,0,0,0,0,23,50,2,4,1,1,2,0,0,0,0,0,0,0,13,0,24,0,0,0,0,243,27,56,8,2,4,22,3,1,1,0,0,0,0,0,9,0,26,0,0,0,0,230,65822,31,0,0
8/26/2016 7:30:00 PM,2,2016,3,Bank of America Stadium,Grass,88,51,6,NE,CAR,19,17,36,44.5,-3.0,3,6,7,3,0,0,0,3,14,0,28:43,31:17,14,17,3,4,11,13,0,0,62,76,291,345,4.7,4.5,2,2,27,20,81,92,3,4.6,0,0,33,55,21,24,210,253,2,2,0,3,6.4,4.6,10,10.5,63.6,43.6,101.83,47.01,13,17,1,5,7.7,29.4,1,2,0,1,0,50.0,4,3,1,2,0,0,0,0,146,9,7,8,56,69,2,0,0,0,2,1,8,7,0,0,7,8,328,370,46.9,46.2,0,3,3,0,3,-3,5,4,5,2,4,1,0,0,45.6,33.6,1,0,1,0,0,0,1,1,0,1,0,1,0,0,4,1,2,1,0,0,4,3,101,9,1,1,24,22,3,0,45,0,34,22,7,2,1,7,8,0,0,-2,0,0,0,0,60,0,24,0,0,0,0,319,38,32,5,3,2,8,3,2,0,0,0,0,0,0,9,0,22,0,0,0,0,269,65823,26,0,0
8/26/2016 7:30:00 PM,2,2016,3,FedEx Field,Grass,86,61,0,BUF,WAS,16,21,37,42.5,-2.5,3,6,7,0,0,0,21,0,0,0,32:11,27:49,20,18,7,5,12,9,1,4,77,60,361,338,4.7,5.6,1,3,30,26,144,101,4.8,3.9,1,0,44,33,23,19,217,237,0,3,1,1,4.9,7.2,9.4,12.5,52.3,57.6,56.72,97.66,15,13,4,4,26.7,30.8,3,1,1,0,33.3,0,2,1,0,1,1,0,0,0,57,11,13,10,104,87,2,2,1,0,3,1,15,10,0,0,6,6,249,320,41.5,53.3,2,1,1,2,-1,1,5,4,4,4,4,4,0,0,36.3,40.5,1,3,1,3,0,0,0,0,0,0,0,0,0,0,3,1,3,0,0,0,4,2,57,11,0,1,0,0,1,1,0,0,34,23,8,4,0,0,3,0,0,0,0,0,0,0,36,0,0,0,0,0,0,218,47,31,5,7,0,0,6,1,1,3,0,0,0,0,11,0,0,0,0,0,0,243,65824,19,0,0
8/26/2016 8:00:00 PM,2,2016,3,Raymond James Stadium,Grass,83,82,1,CLE,TB,13,30,43,42.5,-3.5,3,7,3,0,0,17,10,0,3,0,29:32,30:28,13,19,4,3,8,14,1,2,62,67,254,361,4.1,5.4,1,3,23,32,81,76,3.5,2.4,0,0,31,35,19,20,173,285,1,2,0,0,5.6,8.1,9.1,14.2,61.3,57.1,87.16,102.68,17,16,6,7,35.3,43.8,1,1,0,1,0,100,2,3,0,1,0,2,0,1,20,132,9,3,68,25,1,3,0,1,8,0,38,0,0,0,7,4,359,197,51.3,49.2,0,1,1,0,1,-1,4,7,3,7,1,7,0,0,29.6,44.2,1,3,1,3,0,0,0,0,0,0,0,0,0,0,2,3,2,3,0,0,4,4,20,132,0,3,0,61,0,0,0,0,51,11,5,3,0,0,5,1,1,3,0,0,0,0,10,0,0,0,0,0,0,207,48,15,10,1,8,38,4,1,0,0,0,0,0,1,73,0,21,0,0,0,0,177,65825,24,0,0
8/26/2016 8:00:00 PM,2,2016,3,Mercedes-Benz Superdome,Dome,85,71,15,PIT,NO,27,14,41,44.5,-3.0,14,7,3,3,0,0,7,7,0,0,31:45,28:15,17,20,3,6,13,12,1,2,64,70,417,360,6.5,5.1,3,2,24,26,75,111,3.1,4.3,0,0,39,43,31,27,342,249,3,2,0,2,8.8,5.8,11.0,9.2,79.5,62.8,128.85,74.66,14,13,6,6,42.9,46.2,1,2,0,0,0,0,2,2,2,1,2,0,2,0,34,1,9,6,80,55,1,2,1,0,1,1,12,8,0,0,4,5,162,245,40.5,49,1,2,2,1,1,-1,6,3,6,1,3,0,0,0,40.2,44.2,3,2,3,2,0,0,0,0,0,0,0,0,0,0,2,0,2,0,0,0,3,1,24,1,3,3,66,60,2,0,10,0,43,24,4,1,1,8,7,2,0,24,0,0,0,0,16,0,28,0,0,0,0,161,51,18,3,4,1,12,1,1,1,0,0,0,0,0,1,0,24,0,0,0,0,221,65826,27,0,0
8/26/2016 10:00:00 PM,2,2016,3,Levi's Stadium,,64,72,11,GB,SF,21,10,31,44.0,-2.5,0,7,7,7,0,7,0,0,3,0,39:29,20:31,19,11,6,5,12,6,1,0,76,47,349,195,4.6,4.1,3,1,39,24,148,134,3.8,5.6,1,1,34,20,22,9,201,61,2,0,0,1,5.9,3.0,9.1,6.8,64.7,45.0,100.25,31.46,20,11,7,2,35.0,18.2,6,0,5,0,83.3,0,4,2,3,1,2,1,1,1,16,26,7,8,46,63,1,0,0,0,3,3,26,21,0,0,7,7,289,320,41.3,45.7,0,1,1,0,1,-1,4,3,2,2,1,1,0,0,37.6,44.3,3,1,3,1,0,0,0,0,0,0,0,0,0,0,0,1,0,1,0,0,2,3,10,26,2,3,46,47,1,0,6,0,38,7,5,1,3,21,5,0,0,0,0,0,0,0,5,0,34,0,0,0,0,263,63,16,5,4,3,26,3,0,0,0,0,0,0,0,17,0,18,0,0,0,0,310,65827,37,0,0
8/27/2016 1:00:00 PM,2,2016,3,Soldier Field,Grass,76,87,12,KC,CHI,23,7,30,40.5,2.5,0,13,7,3,0,0,0,0,7,0,37:10,22:50,23,15,6,6,16,9,1,0,73,59,378,223,5.2,3.8,2,1,25,19,80,59,3.2,3.1,2,0,46,38,31,19,298,164,0,1,1,0,6.5,4.3,9.6,8.6,67.4,50.0,76.18,70.50,17,13,9,3,52.9,23.1,1,4,1,2,100,50.0,5,1,2,1,2,1,2,1,85,8,6,6,65,45,2,2,0,0,2,2,7,20,0,0,3,5,119,253,39.7,50.6,1,0,0,1,-1,1,6,2,4,2,2,1,0,0,33,33.6,2,1,2,1,0,0,0,0,0,0,0,0,0,0,3,1,3,0,0,0,5,1,85,0,1,4,18,73,0,1,0,8,40,4,0,2,2,20,2,2,0,0,0,0,0,0,31,0,18,0,0,0,0,99,59,0,0,1,2,7,6,1,0,0,0,0,0,0,0,0,26,0,0,0,0,168,65828,20,0,0
8/27/2016 7:00:00 PM,2,2016,3,M&T Bank Stadium,Artificial,89,45,7,DET,BAL,9,30,39,42.5,-2.0,0,6,0,3,0,3,17,3,7,0,25:23,34:37,16,26,4,12,8,12,4,2,59,74,226,363,3.8,4.9,0,3,19,35,101,134,5.3,3.8,0,2,36,37,18,25,125,229,0,1,1,0,3.5,6.2,6.9,9.2,50.0,67.6,46.64,93.19,15,16,4,7,26.7,43.8,0,2,0,1,0,50.0,3,3,0,2,1,3,0,2,1,47,9,10,95,97,1,1,0,1,4,2,19,6,0,0,5,3,217,140,43.4,46.7,1,1,1,1,0,0,3,7,3,4,3,2,0,0,34,46.3,0,3,0,3,0,0,0,0,0,0,0,0,0,0,5,3,3,3,0,0,1,2,1,27,5,0,120,0,0,1,0,20,47,28,5,3,2,6,1,1,1,27,0,0,0,0,1,0,40,0,0,0,0,170,39,16,7,1,4,19,7,1,0,0,0,0,0,0,15,0,0,0,0,0,0,139,65829,7,0,0
8/27/2016 7:00:00 PM,2,2016,3,Lucas Oil Stadium,Dome,83,71,7,PHI,IND,33,23,56,44.0,-1.5,3,14,7,9,0,3,0,7,13,0,31:53,28:7,21,20,5,2,14,14,2,4,57,59,388,354,6.8,6,4,3,24,18,130,39,5.4,2.2,1,1,32,38,26,25,258,315,3,1,1,1,8.1,8.3,9.9,12.6,81.2,65.8,118.49,89.25,10,13,5,6,50.0,46.2,0,1,0,0,0,0,4,4,3,2,2,3,2,1,33,22,8,9,64,85,0,0,0,0,1,3,13,18,0,0,3,5,104,225,34.7,45,1,1,1,1,0,0,7,5,7,4,4,3,1,0,25,38.4,4,3,3,2,0,0,0,0,0,0,0,0,0,0,2,1,2,1,0,0,2,1,33,9,2,3,65,62,1,1,0,13,42,10,9,1,3,18,3,0,0,0,0,0,0,0,25,0,35,0,0,0,0,75,40,16,4,1,1,13,4,0,0,0,0,0,1,0,9,0,26,0,1,0,0,192,65830,9,0,0
8/27/2016 7:30:00 PM,2,2016,3,MetLife Stadium,Artificial,84,38,7,NYG,NYJ,21,20,41,43.0,1.0,0,0,7,14,0,0,7,3,10,0,24:52,35:8,9,17,2,3,5,14,2,0,55,79,163,313,3.0,4.0,3,2,20,30,39,79,2.0,2.6,0,0,34,47,16,23,124,234,2,2,1,2,3.6,5.0,7.8,10.2,47.1,48.9,63.85,60.06,13,21,1,8,7.7,38.1,1,1,0,0,0,0,2,3,1,1,1,1,0,1,146,130,8,7,49,80,0,3,0,1,1,2,10,20,0,0,11,7,486,314,44.2,44.9,1,3,3,1,2,-2,4,5,4,4,4,2,1,0,34.5,34.7,3,2,3,2,0,0,0,0,0,0,0,0,0,0,0,2,0,2,0,0,6,7,71,107,3,0,67,0,2,1,75,23,46,28,0,4,2,20,8,3,1,10,0,1,0,0,29,0,29,0,0,0,0,380,36,20,0,6,1,10,5,0,0,0,0,0,1,0,52,0,0,0,0,0,0,243,65831,3,0,0
8/27/2016 8:00:00 PM,2,2016,3,O.co Coliseum,Grass,69,62,16,TEN,OAK,27,14,41,41.0,-3.0,10,10,7,0,0,7,7,0,0,0,31:1,28:59,19,22,11,8,7,13,1,1,54,64,336,440,6.2,6.9,3,2,32,26,132,157,4.1,6.0,2,0,21,37,13,23,204,283,0,2,0,2,9.7,7.6,15.7,12.3,61.9,62.2,94.15,81.25,9,12,2,7,22.2,58.3,1,2,1,0,100,0,4,2,2,1,2,1,2,1,25,9,4,11,19,88,1,1,0,1,1,1,1,8,0,0,4,2,158,135,39.5,67.5,0,3,3,0,3,-3,6,3,4,0,2,0,0,0,37.2,51,3,2,3,2,0,0,0,0,0,0,0,0,0,0,2,0,2,0,0,0,1,2,13,9,3,4,33,101,2,0,12,0,47,18,5,2,1,8,6,1,1,47,1,0,0,0,13,0,17,0,0,0,0,149,42,24,4,5,1,1,1,1,0,0,0,0,0,0,9,0,38,0,0,0,0,102,65832,16,0,0
8/27/2016 9:00:00 PM,2,2016,3,Sports Authority Field at Mile High,Grass,78,21,6,LA,DEN,9,17,26,41.5,-5.5,3,6,0,0,0,0,10,7,0,0,32:38,27:22,14,16,1,6,9,9,4,1,68,63,270,299,4.0,4.7,0,2,26,33,150,120,5.8,3.6,0,1,36,30,18,16,120,179,0,1,0,1,3.3,6.0,6.7,11.2,50.0,53.3,57.64,68.61,15,15,2,4,13.3,26.7,3,1,0,0,0,0,3,2,0,2,1,2,0,2,15,13,10,8,72,82,2,0,0,0,6,0,45,0,0,0,7,8,317,359,45.3,44.9,0,1,1,0,1,-1,4,4,4,4,3,3,0,0,43.4,40.9,0,2,0,2,0,0,0,0,0,0,0,0,0,0,3,1,3,1,0,0,5,4,12,13,1,1,23,26,1,0,3,0,41,4,3,6,0,0,5,0,0,0,0,0,0,0,9,0,23,0,0,0,0,304,46,8,11,0,6,45,12,1,0,0,0,0,0,0,8,0,26,0,0,0,0,327,65833,13,0,0
8/28/2016 1:00:00 PM,2,2016,3,TCF Bank Stadium,,72,50,0,SD,MIN,10,23,33,41.0,-6.0,0,10,0,0,0,6,6,8,3,0,27:9,32:51,19,18,5,5,10,13,4,0,63,59,286,326,4.5,5.5,1,2,25,31,100,122,4,3.9,1,0,36,23,18,18,186,204,0,1,3,0,5.2,8.9,10.3,11.3,50.0,78.3,30.56,118.12,16,13,6,5,37.5,38.5,1,0,0,0,0,0,2,5,0,1,0,3,0,0,9,55,6,6,50,52,2,4,1,2,2,5,12,34,0,0,4,3,201,142,50.2,47.3,4,2,2,4,-2,2,3,6,1,5,0,2,0,0,47.8,44.3,1,0,1,0,0,0,0,1,0,1,0,1,0,0,1,3,1,3,0,0,2,1,9,10,4,3,84,63,0,3,0,45,57,2,8,2,5,34,2,4,2,10,0,0,0,0,9,0,28,0,0,0,0,191,45,10,3,4,2,12,9,1,1,0,1,0,0,0,10,0,28,0,0,0,0,133,65834,36,0,0
8/28/2016 4:25:00 PM,2,2016,3,Reliant Stadium,Dome,84,70,13,ARI,HOU,24,34,58,40.0,1.0,7,3,7,7,0,10,21,0,3,0,36:4,23:56,27,12,11,3,14,9,2,0,80,51,437,246,5.5,4.8,3,4,35,23,165,48,4.7,2.1,1,1,42,25,24,15,272,198,2,2,4,1,6.5,7.9,11.3,13.2,57.1,60.0,52.98,95.08,14,12,8,3,57.1,25.0,1,2,1,1,100,50.0,3,4,2,2,2,2,2,1,32,102,4,4,27,28,2,0,1,0,3,3,24,23,0,0,3,5,132,273,44,54.6,5,1,1,5,-4,4,5,7,4,4,2,2,0,0,44.3,48.6,3,4,3,4,0,0,0,0,0,0,0,0,0,0,1,2,1,2,0,0,5,1,30,1,5,3,89,95,1,4,2,103,39,16,7,4,3,23,6,0,0,0,0,0,0,0,11,0,20,0,0,0,0,133,59,23,6,2,3,24,8,1,1,5,0,1,0,0,0,0,58,0,0,0,0,243,65835,11,0,0
8/28/2016 8:00:00 PM,2,2016,3,EverBank Field,Artificial,85,70,10,CIN,JAX,21,26,47,42.5,-2.0,7,7,7,0,0,0,3,8,15,0,31:49,28:11,16,14,8,4,7,8,1,2,65,62,251,243,3.9,3.9,3,3,29,28,79,116,2.7,4.1,1,1,31,34,16,17,172,127,2,1,1,0,5.5,3.7,10.8,7.5,51.6,50.0,76.28,69.12,16,16,6,6,37.5,37.5,1,1,1,1,100,100,2,3,2,2,1,2,1,1,73,103,12,11,86,65,1,1,0,1,5,0,30,0,0,0,9,7,377,309,41.9,44.1,1,1,1,1,0,0,4,5,4,4,1,2,0,0,35.1,33.7,3,1,3,1,0,0,0,1,0,1,0,1,0,1,0,1,0,1,0,0,4,3,73,41,3,3,86,88,0,1,0,62,43,6,3,3,0,0,6,1,1,16,0,0,0,0,39,0,31,0,0,0,0,316,46,16,10,5,5,30,5,0,0,0,0,1,0,0,20,0,37,0,0,0,0,236,65836,10,0,0
8/31/2016 8:00:00 PM,2,2016,4,Raymond James Stadium,Grass,75,92,6,WAS,TB,20,13,33,38.0,-3.0,3,10,7,0,0,0,0,3,10,0,32:20,27:40,12,17,8,3,3,12,1,2,58,67,301,213,5.2,3.2,2,1,37,21,245,46,6.6,2.2,1,0,18,43,8,24,56,167,1,1,0,1,3.1,3.9,7,7.0,44.4,55.8,70.60,62.84,13,15,2,3,15.4,20.0,1,1,0,1,0,100,2,2,1,1,0,1,0,1,28,19,5,5,35,25,0,5,0,0,3,3,16,22,0,0,7,8,310,381,44.3,47.6,0,1,1,0,1,-1,5,4,5,2,3,2,0,0,41.6,45,2,1,2,1,0,0,0,0,0,0,0,0,0,0,2,2,2,2,0,0,5,3,21,19,1,2,14,47,1,0,7,0,52,11,0,1,3,22,7,2,0,0,0,0,0,0,8,0,14,0,0,0,0,291,45,21,0,4,3,16,3,0,0,0,0,0,0,0,17,0,25,0,0,0,0,360,65837,24,0,0
9/1/2016 7:00:00 PM,2,2016,4,MetLife Stadium,Artificial,76,76,0,NE,NYG,9,17,26,38.0,2.0,6,0,0,3,0,0,3,7,7,0,29:40,30:20,21,20,3,5,16,13,2,2,71,70,374,359,5.3,5.1,1,2,20,33,71,128,3.6,3.9,0,0,47,34,29,19,303,231,1,2,1,1,6.4,6.8,10.4,12.2,61.7,55.9,78.59,84.31,14,17,7,9,50.0,52.9,1,0,0,0,0,0,3,2,1,1,1,0,0,0,50,16,7,4,60,23,2,3,2,1,4,3,15,18,0,0,5,7,198,309,39.6,44.1,3,2,2,3,-1,1,3,4,2,4,2,3,0,0,36.4,34.1,0,2,0,2,0,0,1,0,0,0,0,0,0,0,1,1,1,1,0,0,3,2,50,16,1,1,25,32,1,1,0,0,57,22,0,3,3,18,3,2,1,2,0,0,0,0,34,0,25,0,0,0,0,182,56,19,0,3,4,15,10,2,2,0,0,0,0,0,13,0,32,0,0,0,0,239,65838,3,0,0
9/1/2016 7:00:00 PM,2,2016,4,Lincoln Financial Field,Grass,79,65,10,NYJ,PHI,6,14,20,37.0,-3.5,6,0,0,0,0,0,7,7,0,0,26:49,33:11,10,15,3,4,5,11,2,0,62,69,202,271,3.3,3.9,1,2,24,30,67,64,2.8,2.1,0,0,37,38,15,27,135,207,1,0,1,2,3.6,5.4,9,7.7,40.5,71.1,48.82,62.06,16,17,2,8,12.5,47.1,1,1,0,0,0,0,1,1,0,0,0,0,0,0,19,190,6,5,60,65,2,4,0,3,1,1,6,6,0,0,12,7,586,310,48.8,44.3,1,5,5,1,4,-4,2,3,2,2,1,2,0,0,37.1,40.3,0,2,0,2,0,0,1,0,0,0,0,0,0,0,0,0,0,0,0,0,3,4,8,100,1,1,32,22,2,1,11,90,57,4,0,7,1,6,4,2,3,1,0,0,0,0,6,0,32,0,0,0,0,445,44,6,0,6,1,6,6,1,0,0,0,1,0,1,71,0,22,0,0,0,0,282,65839,18,0,0
9/1/2016 7:00:00 PM,2,2016,4,Georgia Dome,Dome,70,50,0,JAX,ATL,15,17,32,38.0,-3.5,7,0,0,8,0,0,17,0,0,0,32:7,27:53,17,16,5,4,10,12,2,0,54,55,273,315,5.1,5.7,2,2,26,31,127,93,4.9,3,0,2,26,24,17,17,146,222,2,0,1,2,5.6,9.2,8.6,13.1,65.4,70.8,89.58,64.93,11,10,3,3,27.3,30.0,0,0,0,0,0,0,1,4,1,2,1,3,1,2,31,56,9,9,75,85,1,1,1,1,2,0,18,0,0,0,5,4,248,196,49.6,49,2,3,3,2,1,-1,3,3,3,2,3,0,0,0,43,38.5,1,2,1,2,0,0,1,0,1,0,0,0,0,0,2,2,0,1,0,0,2,2,22,33,3,0,61,0,2,1,9,23,40,11,0,6,0,0,3,0,1,0,0,0,0,0,17,0,28,0,0,0,0,215,41,18,0,6,2,18,4,0,1,4,0,0,0,0,25,0,0,0,0,0,0,154,65840,25,0,0
9/1/2016 7:00:00 PM,2,2016,4,Sun Life Stadium,Grass,88,70,15,TEN,MIA,21,10,31,38.0,-2.5,14,7,0,0,0,0,7,3,0,0,34:8,25:52,20,11,8,4,10,7,2,0,55,52,278,220,5.1,4.2,3,1,31,22,128,53,4.1,2.4,3,1,21,28,18,18,150,167,0,0,2,1,7.1,6.0,8.3,9.3,85.7,64.3,56.85,65.62,9,13,3,4,33.3,30.8,0,1,0,0,0,0,3,2,3,1,3,1,3,1,27,49,3,7,25,41,2,2,1,1,3,2,24,16,0,0,5,7,244,306,48.8,43.7,3,2,2,3,-1,1,4,3,2,3,2,3,0,0,40.8,37,3,1,3,1,0,0,0,0,0,0,0,0,0,0,0,1,0,1,0,0,4,0,27,0,0,2,0,45,1,2,0,49,42,8,0,1,2,16,2,1,1,4,0,0,0,0,14,0,0,0,0,0,0,204,46,6,0,3,3,24,2,1,1,0,0,0,0,0,0,0,23,0,0,0,0,259,65841,2,0,0
9/1/2016 7:30:00 PM,2,2016,4,Ford Field,Dome,68,70,0,BUF,DET,0,31,31,37.5,-3.0,0,0,0,0,0,10,7,7,7,0,28:7,31:53,11,16,2,4,7,11,2,1,58,64,170,357,2.9,5.6,0,4,23,31,67,144,2.9,4.6,0,1,31,33,13,19,103,213,0,3,1,0,3.3,6.5,7.9,11.2,41.9,57.6,37.43,107.26,15,16,4,8,26.7,50.0,2,2,0,1,0,50.0,1,3,0,3,0,2,0,2,9,35,8,10,62,72,0,0,0,0,4,0,24,0,0,0,8,5,330,225,41.2,45,1,0,0,1,-1,1,1,6,0,6,0,6,0,0,39.8,43.2,0,4,0,4,0,0,0,0,0,0,0,0,0,0,0,1,0,1,0,0,2,3,9,12,0,1,0,25,0,1,0,23,46,9,0,4,0,0,3,0,0,0,0,0,0,0,7,0,0,0,0,0,0,318,38,8,0,5,4,24,8,0,0,0,0,0,0,0,9,0,25,0,0,0,0,216,65842,21,0,0
9/1/2016 7:30:00 PM,2,2016,4,Paul Brown Stadium,Artificial,74,51,13,IND,CIN,13,10,23,38.0,-3.5,0,0,3,10,0,0,0,3,7,0,31:16,28:44,17,19,4,4,12,13,1,2,63,61,371,322,5.9,5.3,1,1,21,25,66,77,3.1,3.1,0,0,42,36,31,19,305,245,1,1,1,1,7.3,6.8,9.8,12.9,73.8,52.8,91.87,72.11,16,12,10,5,62.5,41.7,0,0,0,0,0,0,3,2,0,1,0,1,0,0,0,19,7,1,60,4,3,1,1,1,0,0,0,0,0,0,3,4,144,140,48,35,2,2,2,2,0,0,4,3,3,2,1,2,0,0,42,30,1,1,1,1,0,0,0,0,0,0,0,0,0,0,2,1,2,1,0,0,0,2,0,18,1,3,39,76,1,1,0,1,31,26,0,4,0,0,3,1,1,0,0,0,0,0,0,0,39,0,0,0,0,126,43,21,0,3,0,0,3,2,1,0,0,0,0,0,14,0,34,0,0,0,0,120,65843,5,0,0
9/1/2016 7:30:00 PM,2,2016,4,Bank of America Stadium,Grass,73,92,7,PIT,CAR,6,18,24,37.5,-4.0,0,0,0,6,0,3,9,3,3,0,21:7,38:53,8,21,3,10,4,10,1,1,39,74,122,351,3.1,4.7,1,0,22,42,63,174,2.9,4.1,1,0,16,29,9,17,59,177,0,0,0,0,3.7,6.1,6.6,10.4,56.2,58.6,64.32,76.36,11,17,4,7,36.4,41.2,0,0,0,0,0,0,1,5,1,0,1,0,1,0,0,59,4,5,37,54,3,0,2,0,1,3,9,23,0,0,7,3,322,101,46,33.7,2,0,0,2,-2,2,2,6,1,6,0,4,0,0,37.6,33.7,0,0,0,0,0,0,1,0,0,0,0,0,0,0,0,7,0,6,0,0,1,4,0,59,2,2,51,40,0,0,0,0,35,64,0,5,3,23,3,0,0,0,0,0,0,0,0,0,27,0,0,0,0,263,22,22,0,4,1,9,1,2,2,0,0,0,0,0,24,0,22,0,0,0,0,101,65844,26,0,0
9/1/2016 8:00:00 PM,2,2016,4,Mercedes-Benz Superdome,Dome,92,55,2,BAL,NO,23,14,37,40.0,-5.0,0,16,0,7,0,6,0,0,8,0,32:0,28:0,23,16,7,8,14,6,2,2,65,55,312,259,4.8,4.7,2,1,26,26,82,116,3.2,4.5,1,0,36,26,26,16,230,143,0,1,0,0,6.4,5.5,8.8,8.9,72.2,61.5,88.89,89.10,12,12,5,5,41.7,41.7,0,0,0,0,0,0,2,2,1,1,1,1,1,1,9,7,4,8,25,65,0,2,0,1,3,3,16,25,0,0,3,4,127,186,42.3,46.5,0,1,1,0,1,-1,6,4,6,3,4,0,0,0,40,44.2,2,0,2,0,0,0,0,0,0,0,0,1,0,1,3,2,3,2,0,0,1,1,9,7,4,2,86,53,0,0,0,0,42,10,0,3,3,25,0,2,1,0,1,0,0,0,9,0,29,0,0,0,0,120,50,12,0,0,3,16,3,1,0,0,0,0,0,0,7,0,31,0,0,0,0,177,65845,27,0,0
9/1/2016 8:00:00 PM,2,2016,4,FirstEnergy Stadium,Artificial,73,55,13,CHI,CLE,21,7,28,37.0,-6.0,3,9,3,6,0,7,0,0,0,0,32:21,27:39,21,15,12,3,8,9,1,3,66,59,318,187,4.8,3.2,2,1,37,16,151,63,4.1,3.9,2,1,26,40,16,22,167,124,0,0,0,1,6.4,3.1,10.4,5.6,61.5,55.0,80.13,50.42,14,15,6,3,42.9,20.0,1,1,0,1,0,100,5,2,2,1,2,1,1,1,14,44,5,9,26,89,1,0,1,0,3,3,14,20,0,0,4,9,217,401,54.2,44.6,1,1,1,1,0,0,6,2,6,2,4,0,0,0,43.2,40.1,2,1,0,1,1,0,0,0,0,0,0,0,0,0,3,1,3,0,0,0,1,3,0,44,2,2,50,51,1,0,14,0,32,24,0,2,3,20,6,0,0,0,0,0,0,0,0,0,26,0,0,0,0,173,46,16,0,1,3,14,7,0,1,0,0,0,1,0,37,0,28,0,0,0,0,361,65846,6,0,0
9/1/2016 8:00:00 PM,2,2016,4,Arrowhead Stadium,Grass,77,48,9,GB,KC,7,17,24,37.0,-4.0,7,0,0,0,0,0,17,0,0,0,26:3,33:57,10,23,1,8,8,13,1,2,56,75,172,324,3.1,4.3,1,2,26,31,63,121,2.4,3.9,0,2,26,42,13,23,109,203,1,0,0,2,4.2,4.8,8.4,8.8,50.0,54.8,74.04,48.02,13,14,3,5,23.1,35.7,2,0,0,0,0,0,2,2,1,2,1,2,0,2,72,14,5,9,36,90,4,1,2,1,4,2,34,20,0,0,8,8,364,387,45.5,48.4,2,3,3,2,1,-1,2,3,2,1,2,0,0,1,41.2,39.5,1,2,1,2,0,0,0,0,0,0,0,0,0,0,0,1,0,1,0,0,5,4,71,14,3,0,69,0,2,0,1,0,56,10,0,6,2,20,6,1,1,0,0,0,1,0,42,0,28,0,0,0,0,330,43,8,0,2,4,34,3,2,2,0,0,0,0,0,8,0,0,-1,0,0,0,316,65847,15,0,0
9/1/2016 8:00:00 PM,2,2016,4,TCF Bank Stadium,,70,50,0,LA,MIN,25,27,52,35.0,-1.0,7,0,3,15,0,0,13,7,7,0,29:43,30:17,17,12,6,5,10,6,1,1,68,63,286,182,4.2,2.9,3,3,25,31,115,86,4.6,2.8,1,1,39,27,21,13,171,96,2,1,1,0,4.4,3.6,8.1,7.4,53.8,48.1,71.63,69.37,17,16,7,5,41.2,31.2,2,0,1,0,50.0,0,3,4,2,1,2,2,2,1,68,18,5,6,34,69,3,0,3,0,4,5,31,33,0,0,6,9,278,390,46.3,43.3,4,0,0,4,-4,4,5,6,5,6,4,0,0,0,40,35.8,2,3,2,3,0,0,0,0,0,0,1,0,1,0,1,2,1,2,0,0,7,1,68,18,6,1,186,106,0,1,0,0,43,8,0,4,5,33,2,0,0,0,0,0,0,0,18,0,45,0,0,0,0,240,43,24,0,2,4,31,4,0,3,0,0,0,0,0,18,1,106,0,0,0,0,322,65848,36,0,0
9/1/2016 8:00:00 PM,2,2016,4,AT&T Stadium,Dome,70,50,0,HOU,DAL,28,17,45,37.0,3.0,0,14,7,7,0,7,3,7,0,0,39:39,20:21,25,12,8,4,13,6,4,2,76,45,374,161,4.9,3.6,4,2,44,18,142,78,3.2,4.3,1,0,31,25,21,10,232,83,2,1,1,1,7.5,3.3,11.0,8.3,67.7,40.0,97.78,45.92,16,10,9,2,56.2,20.0,4,2,2,0,50.0,0,5,1,2,1,2,0,1,0,26,64,9,9,89,70,1,1,1,1,1,2,3,8,0,0,3,4,109,184,36.3,46,2,2,2,2,0,0,5,3,4,3,1,0,0,0,34.7,41.8,4,2,4,2,0,0,0,0,0,0,0,0,0,0,0,1,0,1,0,0,2,1,17,5,3,4,69,81,1,1,9,59,25,16,0,2,2,8,4,1,1,0,0,1,0,0,17,0,24,0,0,0,0,104,49,32,0,7,1,3,5,1,1,9,0,1,0,0,5,0,24,0,0,0,0,167,65849,17,0,0
9/1/2016 9:30:00 PM,2,2016,4,University of Phoenix Stadium,Dome,70,50,0,DEN,ARI,17,38,55,37.0,-4.0,10,0,7,0,0,7,13,3,15,0,21:19,38:41,13,25,3,10,9,14,1,1,45,73,296,420,6.6,5.8,2,4,22,43,85,170,3.9,4.0,0,1,22,29,13,20,211,250,2,2,1,0,9.6,8.6,16.2,12.5,59.1,69.0,102.65,118.46,8,15,1,8,12.5,53.3,0,1,0,1,0,100,2,4,1,3,1,3,1,2,4,29,3,7,21,75,1,1,0,1,1,1,3,12,0,0,5,3,187,120,37.4,40,1,1,1,1,0,0,4,8,4,7,4,4,0,0,37.4,38.7,2,3,2,3,0,0,0,0,0,0,0,1,0,1,2,3,1,3,0,0,2,1,4,0,4,0,106,0,0,1,0,29,58,9,0,1,1,12,3,1,1,0,0,0,0,0,4,0,41,0,0,0,0,187,40,2,0,2,1,3,4,0,0,0,0,1,0,0,0,0,0,0,0,0,0,116,65850,29,0,0
9/1/2016 10:00:00 PM,2,2016,4,O.co Coliseum,Grass,63,71,14,SEA,OAK,23,21,44,38.0,-1.5,0,0,3,20,0,0,2,3,16,0,27:17,32:43,15,17,7,8,6,8,2,1,57,61,237,283,4.2,4.6,3,2,31,23,126,105,4.1,4.6,2,1,24,36,12,19,111,178,0,0,0,1,4.6,4.9,9.2,9.4,50.0,52.8,63.02,55.09,12,14,2,4,16.7,28.6,0,0,0,0,0,0,2,2,2,1,2,2,2,1,45,61,6,8,28,64,1,1,1,1,2,2,11,4,0,1,7,8,322,391,46,48.9,1,2,2,1,1,-1,6,5,2,3,1,0,0,0,37.3,43.5,2,1,2,1,0,0,1,0,0,0,0,1,0,0,1,2,1,2,0,0,1,5,3,61,3,5,107,163,1,0,42,0,43,29,0,2,2,4,3,1,1,0,0,1,0,0,3,0,60,0,0,0,0,261,44,15,0,5,2,11,5,0,1,0,0,0,0,0,25,1,81,0,0,0,0,348,65851,16,0,0
9/1/2016 10:00:00 PM,2,2016,4,Qualcomm Stadium,Grass,71,71,8,SF,SD,31,21,52,38.5,0.0,6,3,0,22,0,0,7,14,0,0,29:17,30:43,26,16,15,5,9,10,2,1,72,55,385,268,5.3,4.9,4,3,35,24,183,99,5.2,4.1,4,2,36,28,20,19,202,169,0,1,2,2,5.6,6.0,10.1,8.9,55.6,67.9,48.61,65.92,11,12,6,5,54.5,41.7,2,3,2,1,100,33.3,5,3,4,3,3,2,3,2,20,36,5,7,48,52,0,2,0,1,1,3,5,19,0,0,2,2,82,102,41,51,2,3,3,2,1,-1,5,4,4,4,1,3,0,0,41.5,38,2,3,2,3,0,0,0,0,0,0,2,0,1,0,2,0,1,0,0,0,1,1,6,1,1,4,20,106,2,2,14,37,50,8,0,1,3,19,6,1,1,1,0,0,0,0,6,0,20,0,0,0,0,83,54,15,0,1,1,5,7,0,0,0,0,0,0,0,0,0,32,0,0,0,0,76,65852,14,0,0
